course_id,Title,Link,Like,Views,Categories
1,Fastest way to become a Web Developer,https://www.youtube.com/watch?v=NWnBxQjssvQ,30K,670K,Web Development
2,Freelancing ‡¶è‡¶∞ ‡¶∂‡ßÅ‡¶∞‡ßÅ‡¶ü‡¶æ ‡¶π‡ßã‡¶ï ‡¶è‡¶ñ‡¶æ‡¶® ‡¶•‡ßá‡¶ï‡ßá | Web Development 100% Free Course,https://www.youtube.com/watch?v=3VcmZ3anN1I&list=PLNMnAEqLBwmqKGMJOtVcvGE-QrAte_95q,6.2K,285K,Web Development
3,Sigma Web Development Course,https://www.youtube.com/watch?v=tVzUXW6siu0&list=PLu0W_9lII9agq5TrH9XLIKQvv0iaF2X3w,85K,2.5M,Web Development
4,HTML & CSS Full Course - Beginner to Pro,https://www.youtube.com/watch?v=G3e-cpL7ofc,224K,11M,Web Development
5,Introduction to Web Development,https://www.youtube.com/watch?v=l1EssrLxt7E&list=PLfqMhTWNBTe3H6c9OGXb5_6wcc1Mca52n,169K,6.2M,Web Development
6,Full Course Web Development [22 Hours] | Learn Full Stack Web Development From Scratch,https://www.youtube.com/watch?v=ZxKM3DCV2kE,81K,2.2M,Web Development
7,Full Stack Web Development Course Introduction,https://www.youtube.com/watch?v=XlvsJLer_No&list=PLZlA0Gpn_vH8jbFkBjOuFjhxANC63OmXM,5K,324K,Web Development
8,"Full Stack Web Development for Beginners (Full Course on HTML, CSS, JavaScript, Node.js, MongoDB)",https://www.youtube.com/watch?v=nu_pCVPKzTk,50K,2M,Web Development
9,Complete Guide to Full Stack Web Development in 2024 (Bangla),https://www.youtube.com/watch?v=ADFDxhipgiI&list=PLgH5QX0i9K3p06YY1fyReA2UK8mh_zsiY,2.2K,75K,Web Development
10,üöÄ üî• HTML Complete Course (2024) for Beginners | Projects | Notes | Github | Certification,https://www.youtube.com/watch?v=rklidcZ-aLU,21K,865K,Web Development
11,Web Design for Beginners | FREE COURSE,https://www.youtube.com/watch?v=B-ytMSuwbf8,106K,3.5M,Web Development
12,Mastering HTML & CSS: Build 15 Professional Projects in 15 Hours 2023 #huxnwebdev,https://www.youtube.com/watch?v=bWACo_pvKxg,6K,192K,Web Development
13,Web Development full course Class no 0 || Introduction of Web Development || Learn from Scratch.,https://www.youtube.com/watch?v=pEbLp4ACl-g&list=PLyD_O3ETH1Po926YrBVTFL-JaydhAQbGs,1.1K,41K,Web Development
14,Full Stack Web Development Course 2024 | Complete Full Stack Developer Course | Intellipaat,https://www.youtube.com/watch?v=rCCDnDXPr5M,502,27K,Web Development
15,Complete Backend Developer course | Part 1,https://www.youtube.com/watch?v=7fjOw8ApZ1I,19K,657K,Web Development
16,Web Development with HTML & CSS ‚Äì Full Course for Beginners,https://www.youtube.com/watch?v=dX8396ZmSPk,10K,391K,Web Development
17,Web Development Full Course by HBA Services | Learn WordPress Theme Development For Free,https://www.youtube.com/watch?v=gGTH4XPFO9U,5.1K,143K,Web Development
18,HTML & CSS Full Course for free üåé (2023),https://www.youtube.com/watch?v=HGTJBPNC-Gw,71K,2M,Web Development
19,Web Development Full Course [28 HOURS] | Learn Full-Stack Web Development in 2024,https://www.youtube.com/watch?v=HVjjoMvutj4,69K,2.4M,Web Development
20,FULL STACK WEB DEVELOPMENT FREE COURSE | BASIC TO ADVANCED COURSE | BANGLA TUTORIAL | SOFT-CODER BD.,https://www.youtube.com/watch?v=9TppwTbykVc&list=PLFbSmT6Y29vK1qyavOo3z7_YsfEDMoCXV,113,4.8k,Web Development
21,Sigma Web Development Course,https://www.youtube.com/watch?v=tVzUXW6siu0&list=PLu0W_9lII9agq5TrH9XLIKQvv0iaF2X3w,83K,2.5M,Web Development
22,"Frontend Web Development Bootcamp Course (JavaScript, HTML, CSS)",https://www.youtube.com/watch?v=zJSY8tbf_ys,87K,3M,Web Development
23,Data Science Full Course - Learn Data Science in 10 Hours | Data Science For Beginners | Edureka,https://www.youtube.com/watch?v=-ETQ97mXXF0,81K,4M,Data Science 
24,Learn Data Science Tutorial - Full Course for Beginners,https://www.youtube.com/watch?v=ua-CiDNNj30,75K,3.5M,Data Science 
25,"üî• Data Science Full Course for Beginners 2023 | Learn Data Science in 12 Hours | Simplilearn",https://www.youtube.com/watch?v=SJuR41tlE9k,3.1K,152k,Data Science 
26,Data Science FULL Course for Beginners in 27 HOURS - 2024 Edition,https://www.youtube.com/watch?v=gDZ6czwuQ18,9.8K,277K,Data Science 
27,Python for Data Science Full Course Part 2 || 15+ Hours | 5+ Libraries,https://www.youtube.com/watch?v=nBcMngKLixY,755,15K,Data Science 
28,Data Analytics FULL Course for Beginners to Pro in 29 HOURS - 2024 Edition,https://www.youtube.com/watch?v=VaSjiJMrq24,109K,3.3M,Data Science 
29,Complete Statistics For Data Science In 6 hours By Krish Naik,https://www.youtube.com/watch?v=LZzq1zSL1bs,19K,921K,Data Science 
30,Python for Data Science Full Course | Data Science Tutorials for Beginners in 2022 | Great Learning,https://www.youtube.com/watch?v=JDcZBzb46ts,25K,1M,Data Science 
31,Data Science Full Course | Learn Data Science in 3 Hours | Data Science for Beginners | Edureka,https://www.youtube.com/watch?v=aGu0fbkHhek,6K,339K,Data Science 
32,Python For Data Science Full Course | Data Science With Python Full Course In 12 Hours | Simplilearn,https://www.youtube.com/watch?v=rZscdOTs3s0,2K,84K,Data Science 
33,Data Scientist Full Course - 12 Hours | Data Science For Beginners | Data Science Course | Edureka,https://www.youtube.com/watch?v=u66ET-j7y_Q,360,14K,Data Science 
34,DATA SCIENCE ROADMAP,https://www.youtube.com/watch?v=XnNzck5-HdQ,87K,1.6M,Data Science 
35,Data Science Full Course For Beginners 2024 | Learn Data Science In 6 Hours | Simplilearn,https://www.youtube.com/watch?v=ZcaKgqXsEbA,566,33K,Data Science 
36,Data Science Course | Data Science Full Course | Data Scientist For Beginners | Intellipaat,https://www.youtube.com/watch?v=a5KmkeQ714k,11K,1.9M,Data Science 
37,"Data Science Full Course - 12 Hours | Data Science For Beginners | Data Science Tutorial | Edureka",https://www.youtube.com/watch?v=xiEC5oFsq2s,5.2K,457K,Data Science 
38,Introduction to data science,https://www.udemy.com/course/introduction-to-data-science-using-python/,9K,260K,Data Science 
39,Logistic Regression Practical Case Study,https://www.udemy.com/course/logistic-regression-cancer-detection-case-study/,6.7K,100k,Data Science 
40,"Data Science, Machine Learning, Data Analysis, Python & R",https://www.udemy.com/course/data-science-machine-learning-data-analysis-python-r/,6.3K,150k,Data Science 
41,What is Data Science ?,https://www.udemy.com/course/what-is-data-science/,4.1K,452k,Data Science 
42,Data Science 101 Data Analytics Class Python Bootcamp NYC,https://www.udemy.com/course/data-science-101-class-python-pandas-bootcamp-course-nyc-new-york/,3.37K,205k,Data Science 
43,Introduction to Data Science for Complete Beginners,https://www.udemy.com/course/datascience_with_r/,5K,367k,Data Science 
44,"SQL for Data Analysis: Solving real-world problems with data
",https://www.udemy.com/course/intro-to-data-for-data-science/,8K,140k,SQL
45,Machine Learning Full Course - Learn Machine Learning 10 Hours | Machine Learning Tutorial | Edureka,https://www.youtube.com/watch?v=GwIo3gDZCVQ,56K,3.1M,Machine Learning
46,"Machine Learning Kya Hai? | Opportunities, Advantage & Classification of Machine Learning",https://www.youtube.com/watch?v=Nl3NJB3IJwo&list=PLjVLYmrlmjGe-xLyoCdDrt8Nil1Alg_L3,3.4K,205K,Machine Learning
47,"Stanford CS229: Machine Learning Course, Lecture 1 - Andrew Ng (Autumn 2018)",https://www.youtube.com/watch?v=jGwO_UgTS7I&list=PLoROMvodv4rMiGQp3WXShtMGgzqpfVfbU,40K,2.9M,Machine Learning
48,"Machine Learning & Data Science Hands-on Python Course Introduction in Hindi #00.00
",https://www.youtube.com/watch?v=tMZn54M8tGU&list=PLfP3JxW-T70Hh7j17_NLzjZ8CejSPx40V,2.6K,289K,Machine Learning
49,Beginner's Guide to Machine Learning in JavaScript with ml5.js,https://www.youtube.com/watch?v=26uABexmOX4&list=PLRqwX-V7Uu6YPSwT06y_AEYTqIwbeam3y,2.2K,135K,Machine Learning
50,The essence of calculus,https://www.youtube.com/watch?v=WUvTyaaNkzM&list=PLZHQObOWTQDMsr9K-rj53DwVRMYO3t5Yr,70K,9.2M,Machine Learning
51,Machine Learning with Python and Scikit-Learn ‚Äì Full Course,https://www.youtube.com/watch?v=hDKCxebp88A,10K,382K,Machine Learning
52,Machine Learning Course for Beginners,https://www.youtube.com/watch?v=NWONeJKn6kc,50K,1.6M,Machine Learning
53,Machine Learning Full Course with Practical (6 Hours) | Become a Machine Learning Engineer in 2023 üî•,https://www.youtube.com/watch?v=O0Ka_nBRtN0,7.8K,292K,Machine Learning
54,"#1 Machine Learning Specialization [Course 1, Week 1, Lesson 1]",https://www.youtube.com/watch?v=vStJoetOxJg&list=PLkDaE6sCZn6FNC6YRfRQc_FbeQrF8BwGI,5K,320K,Machine Learning
55,Complete Machine Learning Course in 60 Hours - Part 1 | Full Machine Learning Course with Python,https://www.youtube.com/watch?v=LcWFedjaR4Q,15K,560K,Machine Learning
56,The Complete Machine Learning Roadmap [2024],https://www.youtube.com/watch?v=7IgVGSaQPaw&t=195s,6K,137K,Machine Learning
57,Machine Learning FULL Course with Practical (10 HOURS) | Learn Free ML in 2024 | Part-1,https://www.youtube.com/watch?v=LvC68w9JS4Y,13K,450K,Machine Learning
58,Machine Learning Full Course in Hindi | Learn Machine Learning in 5 Hours | Great Learning,https://www.youtube.com/watch?v=IoZGSQ07e8g,10K,429K,Machine Learning
59,Machine Learning for Everybody ‚Äì Full Course,https://www.youtube.com/watch?v=i_LwzRVP7bg,66K,6M,Machine Learning
60,Machine Learning Tutorial Python -1: What is Machine Learning?,https://www.youtube.com/watch?v=gmvvaobm7eQ&list=PLeo1K3hjS3uvCeTYTeyfe0-rN5r8zn9rw,25K,2M,Machine Learning
61,(Lec-1) Artificial Intelligence Introduction | Artificial Intelligence Bangla Tutorial,https://www.youtube.com/watch?v=rdexw3Rc5cw&list=PLncy2sD7w4YrJTxgIEZ_GN6Ja9Wp8iLgj,5K,48K,Artificial Intelligence
62,Harvard CS50‚Äôs Artificial Intelligence with Python ‚Äì Full University Course,https://www.youtube.com/watch?v=5NgNicANyqM,73K,2.5M,Artificial Intelligence
63,Lecture-1: An Introduction of Artificial Intelligence,https://www.youtube.com/watch?v=8fiOzYG3KVk&list=PLCK1b2JkxwlieBnTBc-okFhVraathHGA1,350,19K,Artificial Intelligence
64,What Is AI? | Artificial Intelligence | What is Artificial Intelligence? | AI In 5 Mins |Simplilearn,https://www.youtube.com/watch?v=ad79nYk2keg&list=PLEiEAq2VkUULyr_ftxpHB6DumOq1Zz2hq,30K,2.5M,Artificial Intelligence
65,Artificial Intelligence Tutorial | Artificial Intelligence Full Course | AI Tutorial | Simplilearn,https://www.youtube.com/watch?v=8Pyy2d3SZuM&list=PLEiEAq2VkUULyr_ftxpHB6DumOq1Zz2hq&index=2,7.7K,434K,Artificial Intelligence
66,üî•Artificial Intelligence Full Course | Artificial Intelligence Tutorial For Beginners | Simplilearn,https://www.youtube.com/watch?v=sp_OMFCfGMw&list=PLEiEAq2VkUULyr_ftxpHB6DumOq1Zz2hq&index=3,1.1K,45K,Artificial Intelligence
67,Artificial Intelligence Full Course | Artificial Intelligence Tutorial for Beginners | Edureka,https://www.youtube.com/watch?v=JMUxmLyrhSk,75K,3.8M,Artificial Intelligence
68,Artificial Intelligence Syllabus Discussion and Analysis for NTA UGC NET,https://www.youtube.com/watch?v=uB3i-qV6VdM&list=PLxCzCOWd7aiHGhOHV-nwb0HR5US5GFKFI,11K,1.5M,Artificial Intelligence
69,Lecture 1 | AI Free Basic Course,https://www.youtube.com/watch?v=3tDE4hDaYgw&list=PLxf3-FrL8GzTIQpnY_UyzDX6JK0_Kbe_t,17K,550K,Artificial Intelligence
70,How I'd Learn AI in 2024(If I could start over),https://www.youtube.com/watch?v=tnAI-kLcznE,4.4K,78K,Artificial Intelligence
71,AI Powered Programming Full Course For Beginners | Generative AI for Everyone,https://www.youtube.com/watch?v=4UUxiKcyPw0,3,54,Artificial Intelligence
72,AI & ML Roadmap - Complete Roadmap for Machine Learning + PDF Downloadüìú,https://www.youtube.com/watch?v=AMxtGWcMYd4,15K,357K,Artificial Intelligence
73,"L1: Artificial Intelligence Introduction, Goals, Reasons of Boost | Artificial Intelligence Lectures",https://www.youtube.com/watch?v=FpvnF7_-tW8&list=PLV8vIYTIdSnYsdt0Dh9KkD9WFEi7nVgbe,5.1K,463K,Artificial Intelligence
74,Artificial Intelligence | What is AI | Introduction to Artificial Intelligence | Edureka,https://www.youtube.com/watch?v=4jmsHaJ7xEA&list=PL9ooVrP1hQOGHNaCT7_fwe9AabjZI1RjI,4.9K,766K,Artificial Intelligence
75,0. Welcome To The Al Course | AI Course By Zeeshan Usmani | AI Roadmap,https://www.youtube.com/watch?v=RqbDCWZ077I&list=PL1Xmyl4aKTRjsEIvwpRWjuLHh9UEOF8Mb,1.4K,64K,Artificial Intelligence
76,Artificial Intelligence Full Course 2024 | AI Tutorial For Beginners | AI Full Course| Intellipaat,https://www.youtube.com/watch?v=MqffbpjhriQ,16K,505K,Artificial Intelligence
77,Artificial Intelligence | Introduction | Lec-1| Bhanu Priya,https://www.youtube.com/watch?v=kmeaG_BQZ7M&list=PLrjkTql3jnm_yol-ZK1QqPSn5YSg0NF9r,9.1K,783K,Artificial Intelligence
78,Overview Artificial Intelligence Course | Stanford CS221: Learn AI (Autumn 2019),https://www.youtube.com/watch?v=J8Eh7RqggsU&list=PLoROMvodv4rO1NB9TD4iUZ3qghGEGtqNX,8K,602K,Artificial Intelligence
79,INTRO,https://www.youtube.com/watch?v=GHpchgLoDvI&list=PLp6ek2hDcoNB_YJCruBFjhF79f5ZHyBuz,1.9K,314K,Artificial Intelligence
80,Complete AI Artificial Intelligence in one shot | Semester Exam | Hindi,https://www.youtube.com/watch?v=yiXAmkimZRQ,2.5K,104K,Artificial Intelligence
81,You don't understand AI until you watch this,https://www.youtube.com/watch?v=1aM1KYvl4Dw,14K,556K,Artificial Intelligence
82,Google‚Äôs AI Course for Beginners (in 10 minutes)!,https://www.youtube.com/watch?v=Yq0QkCxoTHM,15K,838K,Artificial Intelligence
83,Python Tutorial - Python Full Course for Beginners,https://www.youtube.com/watch?v=_uQrJ0TkZlc,1.1M,40M,Python
84,Python Full Course Bangla Tutorial for beginners Outline [20 Projects] ‚Ä™@StudyMart‚Ä¨,https://www.youtube.com/watch?v=Ri1Lgdew8Ds&list=PLNMnAEqLBwmpR8JDBOEl0jrzmH1vPnO7v,8.1K,259K,Python
85,Python Full Course‚ù§Ô∏è | Variables & Data Types | Lecture 1,https://www.youtube.com/watch?v=t2_Q2BRzeEE&list=PLGjplNEQ1it8-0CmoljS5yeV-GlKSUEt0,56K,2.8M,Python
86,Python Full Course for free üêç (2024),https://www.youtube.com/watch?v=ix9cRaBkVe0,16K,239K,Python
87,Introduction to Programming & Python | Python Tutorial - Day #1,https://www.youtube.com/watch?v=7wnove7K-ZQ&list=PLu0W_9lII9agwh1XjRt242xIpHhPT2llg,176K,6.7M,Python
88,Python How To | Google IT Automation with Python Certificate,https://www.youtube.com/watch?v=wgYbksLbaqU&list=PLTZYG7bZ1u6pqki1CRuW4D4XwsBrRbUpg,2K,132K,Python
89,PYTHON CODE ALONG | python tutorial for absolute beginners (learn to code in python),https://www.youtube.com/watch?v=bF_xdxYN-zw&list=PLvisA2P0_d9G4ZtA_8CqRIXidtbS0iPxp,1.1K,33K,Python
90,Learn Python - Full Course for Beginners [Tutorial],https://www.youtube.com/watch?v=rfscVS0vtbw,1M,44M,Python
91,Python Full Course | Free Python Tutorial for Beginners,https://www.youtube.com/watch?v=sRrkqjqTTQQ&t=1s,7.1K,162K,Python
92,Python Tutorial for Beginners (with mini-projects),https://www.youtube.com/watch?v=qwAFL1597eM,14K,622K,Python
93,Python for Beginners ‚Äì Full Course [Programming Tutorial],https://www.youtube.com/watch?v=eWRfhZUzrAc,55K,2.65M,Python
94,Python Full Course - 12 Hours | Python For Beginners - Full Course | Python Tutorial | Edureka,https://www.youtube.com/watch?v=WGJJIrtnfpk,126K,6.6M,Python
95,Python Full Course 2023 | Learn Python in 12 Hours | Python Tutorial for Beginners | Simplilearn,https://www.youtube.com/watch?v=ITSMDeOgXxw,4.8K,391K,Python
96,Python Tutorial For Beginners in Hindi | Complete Python Course üî•,https://www.youtube.com/watch?v=UrsmFxEIp5k,82K,2.7M,Python
97,Python Full Course for FREE in 4k,https://www.youtube.com/watch?v=uB3WrXp81YU,4,58,Python
98,Introduction to Python Course | Python for beginners,https://www.youtube.com/watch?v=6i3EGqOBRiU&list=PLdo5W4Nhv31bZSiqiOL5ta39vSnBxpOPT,13K,968K,Python
99,Python Bangla Tutorials 0 : Welcome To Python,https://www.youtube.com/watch?v=xjcCi6Tzfxw&list=PLgH5QX0i9K3rz5XqMsTk41_j15_6682BN,5.3K,409K,Python
100,Python Tutorial for Absolute Beginners #1 - What Are Variables?,https://www.youtube.com/watch?v=Z1Yd7upQsXY&list=RDQM7kLWSUNZGG0&start_radio=1,197K,8.9M,Python
101,Harvard CS50‚Äôs Introduction to Programming with Python ‚Äì Full University Course,https://www.youtube.com/watch?v=nLRL_NcnK-4,144K,4.9M,Python
102,Python Tutorial for Beginners - Full Course (with Notes & Practice Questions),https://www.youtube.com/watch?v=ERCMXc8x7mc,80K,4.1M,Python
103,What is Python | Python Programming | Complete Introduction to Python for Beginners,https://www.youtube.com/watch?v=OZIRAavoGng&list=PLjVLYmrlmjGcQfNj_SLlLV4Ytf39f8BF7,16K,981K,Python
104,Python Full Course | Python for Beginners (Full Course) | Best Python Course with Examples | Edureka,https://www.youtube.com/watch?v=KEku-6CBX6M&list=PL9ooVrP1hQOE4KoZLUP4LgBwFH2IJCQs6,1.1K,43K,Python
105,Python Tutorial - Python Full Course For Beginners 2023 [Bangla],https://www.youtube.com/watch?v=1mLmW0sTzjw,22k,600K,Python
106,Python Full Course for Beginners | Complete All-in-One Tutorial | 9 Hours,https://www.youtube.com/watch?v=H2EJuAcrZYU,13K,557K,Python
107,Python For Beginners in Telugu [PART 1] || Code with Swaroop || Zero to Hero || Introduction,https://www.youtube.com/watch?v=GmdGv5ndX54&list=PLS8lzSv6JRJ2OC7KVp05jqtY4MgLsitdX,16K,324K,Python
108,Python for Hackers FULL Course | Bug Bounty & Ethical Hacking,https://www.youtube.com/watch?v=XWuP5Yf5ILI,25K,557K,Python
109,"Java Programming for Beginners ‚Äì Full Course",https://www.youtube.com/watch?v=A74TOX803D0,23K,1.2M,Java
110,"Java Full Course for free ‚òï
",https://www.youtube.com/watch?v=xk4_1vDrzzo,454K,11M,Java
111,Java Bangla Tutorials 0 : Update news for 2022-2023,https://www.youtube.com/watch?v=z7QwTMDQ88o&list=PLgH5QX0i9K3oAZUB2QXR-dZac0c9HNyRa,2.6K,264K,Java
112,Introduction to Java Language | Lecture 1 | Complete Placement Course,https://www.youtube.com/watch?v=yRpLlJmRo2w&list=PLfqMhTWNBTe3LtFWcvwpqTkUSlB32kJop,290K,13M,Java
113,Java Tutorial for Beginners,https://www.youtube.com/watch?v=eIrMbAQSU34,264K,11M,Java
114,Working with Data and APIs in JavaScript,https://www.youtube.com/watch?v=DbcLg8nRWEg&list=PLRqwX-V7Uu6YxDKpFzf_2D84p0cyk4T7X,2.9K,179K,Java
115,Java Tutorial for Beginners | Learn Java in 2 Hours,https://www.youtube.com/watch?v=UmnCZ7-9yDY,149K,6.5M,Java
116,Java Full Course [NEW],https://www.youtube.com/watch?v=Qgl81fPcLc8,39K,1.5M,Java
117,Java Full Course in 10 Hours | Java Tutorial for Beginners [2024] | Java Online Training | Edureka,https://www.youtube.com/watch?v=hBh_CC5y8-s,73K,4.4M,Java
118,Learn Java 8 - Full Tutorial for Beginners,https://www.youtube.com/watch?v=grEKMHGYyns,61K,3.5M,Java
119,Java Full Course 2022 | Java Tutorial For Beginners | Core Java Full Course | Simplilearn,https://www.youtube.com/watch?v=CFD9EFcNZTQ,21K,1.3M,Java
120,Introduction to Java + Installing Java JDK and IntelliJ IDEA for Java,https://www.youtube.com/watch?v=ntLJmHOJ0ME&list=PLu0W_9lII9agS67Uits0UnJyrYiXhDS6q,162K,8.8M,Java
121,#1 Core Java Tutorial for Beginners | Course Introduction | JAVA FULL STACK COURSE STEP BY STEP,https://www.youtube.com/watch?v=_xjUB2KwQ1U,4,90,Java
122,#1 Java Introduction,https://www.youtube.com/watch?v=bm0OyhwFDuY&list=PLsyeobzWxl7pe_IiTfNyr55kwJPWbgxB5,13K,1.2M,Java
123,Learn Java in 14 Minutes (seriously),https://www.youtube.com/watch?v=RRubcjpTkks,207K,4.7M,Java
124,Java Full Course In 12 Hours | Java Tutorial for Beginners | Java Online Training | Edureka,https://www.youtube.com/watch?v=x1RCEvYRTz0&list=PL9ooVrP1hQOEe9EN119lMdwcBxcrBI1D3,3.2K,275K,Java
125,16.7 Java Database Connectivity with DAO Example part 2,https://www.youtube.com/watch?v=55tCJ8Odjvw&list=RDQMvaBSSdHsdYQ&start_radio=1,1K,102K,Java
126,Complete Java in one Video | Java Tutorial For Beginners in Hindi (with Notes) üî•,https://www.youtube.com/watch?v=NNLoi8QqzaY,4.1K,196K,Java
127,Why take this Java Course?,https://www.youtube.com/watch?v=VHbSopMyc4M&list=PLBlnK6fEyqRjKA_NuK9mHmlk0dZzuP1P5,12K,988K,Java
128,Best Data Structures & Algorithms (DSA) Course - Clear Any FAANG Interview!,https://www.youtube.com/watch?v=rZ41y93P2Qo&list=PL9gnSGHSqcnr_DxHsP7AW9ftq0AtAyYqJ,33K,2.8M,Java
129,Core Java Syllabus | Learn Coding,https://www.youtube.com/watch?v=YOVicRQ6QKE&list=PLqleLpAMfxGAdqZeY_4uVQOPCnAjhH-eT,23K,603K,Java
130,üöÄüî• JAVA Complete Course Part-1 (2024) | 100+ Programming Challenges,https://www.youtube.com/watch?v=PymbRTMb4hY,23K,938K,Java
131,Introduction to Java | Java Architecture | Lecture 1 | Java and DSA Foundation Course,https://www.youtube.com/watch?v=RJ733wzbNoA&list=PLxgZQoSe9cg00xyG5gzb5BMkOClkch7Gr,14K,853K,Java
132,Learn Java in One Video - 15-minute Crash Course,https://www.youtube.com/watch?v=drQK8ciCAjY,25K,701K,Java
133,Java Tutorial for Beginners 2023,https://www.youtube.com/watch?v=BGTx91t8q50&list=PLsyeobzWxl7q6oUFts2erdot6jxF_lisP,43K,2.5M,Java
134,Introduction to Java - In Hindi,https://www.youtube.com/watch?v=xwga58I1S94&list=PLmRclvVt5DtnqhXTJwd-oqVRwO3bLZCGV,4.2K,288K,Java
135,Java Full Course For Beginners | Free Java Tutorial Basic to Advance [Hindi],https://www.youtube.com/watch?v=1uSGOwGqII8,1K,40K,Java
136,DSA Complete Series üöÄ : Data Structures & Algorithms | by Shradha Khapra Ma'am,https://www.youtube.com/watch?v=1yrh60og6qc,31K,428K,Data Structure
137,Introduction to Data Structures,https://www.youtube.com/watch?v=xLetJpcjHS0&list=PLBlnK6fEyqRj9lld8sWIUNwlKfdUoPd1Y,18K,1.5M,Data Structure
138,Data structures introduction,https://www.youtube.com/watch?v=Qmt0QwzEmh0&list=PLDV1Zeh2NRsB6SWUrDFW2RmDotAfPbeHu,3.63K,216K,Data Structure
139,"1.1 Arrays in Data Structure | Declaration, Initialization, Memory representation",https://www.youtube.com/watch?v=AT14lCXuMKI&list=PLdo5W4Nhv31bbKJzrsKfMpo_grxuLl8LU,34K,3.3M,Data Structure
140,Introduction to trees (Part1) | Data Structures | Bangla Tutorial,https://www.youtube.com/watch?v=T-W-Hg8juLU&list=PLgrAmbRAezugf1uH-OmJF43TEHdi5dg8w,712,68K,Data Structure
141,‡¶°‡ßá‡¶ü‡¶æ ‡¶∏‡ßç‡¶ü‡ßç‡¶∞‡¶æ‡¶ï‡¶ö‡¶æ‡¶∞ ‡¶ì ‡¶Ö‡ßç‡¶Ø‡¶æ‡¶≤‡¶ó‡¶∞‡¶ø‡¶¶‡¶Æ,https://www.youtube.com/watch?v=Mz9BlmST31w&list=PLym69wpbTIIEOesltWGUsVnY9HDWbJit_,4.3K,258K,Data Structure
142,Introduction to Data Structures & Algorithms,https://www.youtube.com/watch?v=5_5oE5lgrhw&list=PLu0W_9lII9ahIappRPN0MCAgtOu3lQjQi,136K,6M,Data Structure
143,Data Structure & Algorithm | In Hindi,https://www.youtube.com/watch?v=vqldvgKbh38&list=PLmRclvVt5Dtl4nK4srIo-p7iP42V1LUD_,728,32K,Data Structure
144,Deletion at Specific Position in Doubly Linked List | DSA Complete Playlist in C++,https://www.youtube.com/watch?v=TPwahSr8hYU,3,91,Data Structure
145,Complete DS Data Structure in one shot | Semester Exam | Hindi,https://www.youtube.com/watch?v=MdG0Vw9f1A4&list=PLmXKhU9FNesRRy20Hjr2GuQ7Y6wevfsc5,16K,836K,Data Structure
146,Lec-1: Roadmap üõ£Ô∏è of DSA | Syllabus of Data structure | Data Structure for Beginners,https://www.youtube.com/watch?v=qNGyI95E5AE&list=PLxCzCOWd7aiEwaANNt3OqJPVIxwp2ebiT,820,44K,Data Structure
147,Data Structures & Algorithms #1 - What Are Data Structures?,https://www.youtube.com/watch?v=bum_19loj9A&list=PLBZBJbE_rGRV8D7XZ08LK6z-4zPoWzu5H,45K,2.2M,Data Structure
148,Data Structures & Algorithms Tutorial in Python #1 - What are data structures?,https://www.youtube.com/watch?v=_t2GVaQasRY&list=PLeo1K3hjS3uu_n_a__MI_KktGTLYopZ12,15K,945K,Data Structure
149,Best Data Structures & Algorithms (DSA) Course - Clear Any FAANG Interview!,https://www.youtube.com/watch?v=rZ41y93P2Qo&list=PL9gnSGHSqcnr_DxHsP7AW9ftq0AtAyYqJ,33K,2.8M,Data Structure
150,Introduction to Programming and Data Structures,https://www.youtube.com/watch?v=4OGMB4Fhh50&list=PLBlnK6fEyqRhX6r2uhhlubuF5QextdCSM,15K,1.2M,Data Structure
151,‡¶°‡¶æ‡¶ü‡¶æ ‡¶∏‡ßç‡¶ü‡ßç‡¶∞‡¶æ‡¶ï‡¶ö‡¶æ‡¶∞ ‡¶ì ‡¶è‡¶≤‡¶ó‡¶∞‡¶ø‡¶¶‡¶Æ ‡¶∂‡¶ø‡¶ñ‡¶ø ‡¶Ö‡ßç‡¶Ø‡¶æ‡¶Æ‡¶æ‡¶ú‡¶® ‡¶á‡¶û‡ßç‡¶ú‡¶ø‡¶®‡¶ø‡ßü‡¶æ‡¶∞ ‡¶è‡¶∞ ‡¶∏‡¶æ‡¶•‡ßá‡•§ Data Structures and Algorithms Bangla.,https://www.youtube.com/watch?v=90rqSv6K72k&list=PLdl6zXgLsy3w1m6Hl5g2wfCJOLhBR8bg_,995,71K,Data Structure
152,Introduction to Data Structure & Algorithms | Learn Coding,https://www.youtube.com/watch?v=-D5u5HJbISc&list=PLqleLpAMfxGAf5rrWdm92WMK3-gsrxgz5,9.2K,489K,Data Structure
153,Introduction to Data Structure and types hindi,https://www.youtube.com/watch?v=w4LkuBGzPzs&list=PLqcuf9-ILPYBlPvUk8lTJu2tJV2Y9gKL4,11k,559k,Data Structure
154,What is Data Structure ? Data Structure Bangla Tutorial | Data Structure and Algorithm Bangla,https://www.youtube.com/watch?v=HKsLuiTlsUI&list=PLdl6zXgLsy3zpZgSWQBnftDnv0aWO7ryD,1.2k,96k,Data Structure
155,Data Structure 01 | Arrays | Computer Science & IT | GATE Crash Course,https://www.youtube.com/watch?v=zewIhSiv7dE&list=PL3eEXnCBViH-D-X8940NKo0ouhK0Mg-hf,2.8k,161k,Data Structure
156,Introduction to Data Structures and Algorithms | Why Learn DSA Course?,https://www.youtube.com/watch?v=qj7pbhlo8VA&list=PLmZVoKmWPOelODOBtNXxALDvnNMI4aI4Q,1.12k,47k,Data Structure
157,Data Structures and Algorithms using Java,https://www.youtube.com/watch?v=xWLxhF3b5P8,11k,486k,Data Structure
158,Algorithms and Data Structures Tutorial - Full Course for Beginners,https://www.youtube.com/watch?v=8hly31xKli0,126K,4.6M,Data Structure
159,Data Structures Easy to Advanced Course - Full Tutorial from a Google Engineer,https://www.youtube.com/watch?v=RBSGKlAvoiM,135K,6.4M,Data Structure
160,Introduction to Computer Networks,https://www.youtube.com/watch?v=VwN91x5i25g&list=PLBlnK6fEyqRgMCUAG0XRw78UA8qnv6jEx,22K,2.1M,Computer Network
161,"Lec-1: Computer Networks and Security Full Syllabus for GATE, UGC NET,DSSSB,NIELIT & University exam",https://www.youtube.com/watch?v=JFF2vJaN0Cw&list=PLxCzCOWd7aiGFBD2-2joCpWOLUrDLvVV_,22K,2.7M,Computer Network
162,Computer Networking Full Course - OSI Model Deep Dive with Real Life Examples,https://www.youtube.com/watch?v=IPvYjXCsTg8,36K,1.6M,Computer Network
163,Introduction to Computer Network In Bangla | What is Computer Networking ? | Bangla Tutorial | CCNA.,https://www.youtube.com/watch?v=N1sCCuieCnc&list=PLW7fU_8SZVruBsFfULu9QRDsFfFSg77Cu,182,12K,Computer Network
164,Computer Networking Course - Network Engineering [CompTIA Network+ Exam Prep],https://www.youtube.com/watch?v=qiQR5rTSshw,85K,3.7M,Computer Network
165,"„ÄêLecture 01„Äë CS144, Introduction to Computer Networking",https://www.youtube.com/watch?v=qAFI-2I7wPE&list=PLoCMsyE1cvdWKsLVyf6cPwCLDIZnOj0NS,658,81K,Computer Network
166,Computer Networks 01 | Introduction to IP Addressing | Computer Science and IT | GATE Crash Course,https://www.youtube.com/watch?v=pGWxdTJPjKE&list=PL3eEXnCBViH-hlNCNwdfV7VrEcTquANGa,4K,231K,Computer Network
167,COMPUTER NETWORKS | LECTURE-2| GATE CSE | GATE DA,https://www.youtube.com/watch?v=HgSg7i8yPqI,11,175,Computer Network
168,1.1 Introduction (reposted) - What is the Internet,https://www.youtube.com/watch?v=74sEFYBBRAY&list=PLm556dMNleHc1MWN5BX9B2XkwkNE2Djiu,4.2K,360K,Computer Network
169,Introduction to computer network/Classes of ip/Range of different classes Bangla in computer network,https://www.youtube.com/watch?v=OEC0PcOgyZw&list=PLMW5djzR9cKPDaY5f30lC4VgqL9nRQG6g,405,39K,Computer Network
170,Computer Network by Engineering Funda,https://www.youtube.com/watch?v=lv_aTqoHCrM&list=PLgwJf8NK-2e6fvY8yegkzDBiK7ywj8ZhK,131,17K,Computer Network
171,01 - INTRODUCTION TO COMPUTER NETWORKS,https://www.youtube.com/watch?v=wXsgJPnr1nQ&list=PLLOxZwkBK52BCOXC7wpI_U81W_eklMFE3,3.7K,186K,Computer Network
172,1.1 - Introduction | FHU - Computer Networks,https://www.youtube.com/watch?v=5D67Qy1tPLY&list=PLLFIgriuZPAcCkmSTfcq7oaHcVy3rzEtc,1.3K,198K,Computer Network
173,Complete CN Computer Networks in One Shot (10 Hours) | In Hindi,https://www.youtube.com/watch?v=1V9mhVgVH3A&list=PLYwpaL_SFmcAXkWn2IR-l_WXOrr0n851a,2.4K,118K,Computer Network
174,Complete CN Computer Networks in one shot | Semester Exam | Hindi,https://www.youtube.com/watch?v=q3Z3Qa1UNBA,13K,832K,Computer Network
175,CCNA Full Course in Hindi || Atul Sharma || 10+ Hours [Single Video],https://www.youtube.com/watch?v=2mvn4eOOVZo,27K,1.8M,Computer Network
176,Computer Networking Notes for Tech Placements,https://www.youtube.com/watch?v=gfwMYLQaZP0,9.7K,387K,Computer Network
177,SQL - Complete Course in 3 Hours | SQL One Shot using MySQL,https://www.youtube.com/watch?v=hlGoQC332VM,125K,7.4M,SQL
178,What is SQL? Future Career Scope & Resources,https://www.youtube.com/watch?v=UOJZTqA5Loc,52K,1.5M,SQL
179,SQL Full Course In 10 Hours | SQL Tutorial | Complete SQL Course For Beginners | Edureka,https://www.youtube.com/watch?v=q_JsgpiuY98&list=PL9ooVrP1hQOG6DQnOD6ujdCEchaqADfCU,12K,902K,SQL
180,"SQL - Part 1 - Database Concepts (Database, DBMS, Data Models, RDBMS and SQL)",https://www.youtube.com/watch?v=pVKT4N-Cgb8&list=PLsjUcU8CQXGFFAhJI6qTA8owv3z9jBbpd,6.1K,492K,SQL
181,Lec-52: Introduction to Structured Query Language | All Points regarding its Features and Syllabus,https://www.youtube.com/watch?v=323H_mOOWQ4&list=PLxCzCOWd7aiFbom4rYyl5qROgqYuCuAPD,26K,1.5M,SQL
182,SQL Tutorial - Full Database Course for Beginners,https://www.youtube.com/watch?v=HXV3zeQKqGY,347K,18M,SQL
183,What Is SQL ? | Database in SQL | SQL Introduction | SQL Tutorial In Hindi 1,https://www.youtube.com/watch?v=yH1zCq-iaeU&list=PLdOKnrf8EcP17p05q13WXbHO5Z_JfXNpw,12K,451K,SQL
184,MySQL Full Course for free üê¨ (2023),https://www.youtube.com/watch?v=5OdVJbNCSso,48K,1.8M,SQL
185,Complete SQL Course for Beginners | Full Tutorial in One Video,https://www.youtube.com/watch?v=RQPpP2ywA9k,3.6K,95K,SQL
186,Master MySQL in ONE VIDEO: Beginner to Advanced Course For Beginners in Hindi | MPrashant,https://www.youtube.com/watch?v=Hy3qbMAoEJk,8.1K,276K,SQL
187,Intuitive SQL For Data Analytics - Tutorial,https://www.youtube.com/watch?v=mXW7JHJM34k,6.2K,193K,SQL
188,How to learn SQL for free | Roadmap to learning SQL,https://www.youtube.com/watch?v=a-hFbr-4VQQ&list=PLavw5C92dz9Ef4E-1Zi9KfCTXS_IN8gXZ,23K,902K,SQL
189,SQL Day1: Database Basics,https://www.youtube.com/watch?v=_yXZvGH2MgA&list=PLpgLWD7byQ3XbpSEhPf3jEn_DmuGSmKPx,1.7K,86K,SQL
190,SQL Tutorial #1 - Introduction to SQL Course and Course Contents,https://www.youtube.com/watch?v=0EIAAsEyDio&list=PLL34mf651faMdcxHHpU6R0Nd1gljea39-,502,40K,SQL
191,Oracle SQL for Beginners | SQL Complete Tutorial for Beginners | SQL Full Course | SQL Tutorial,https://www.youtube.com/watch?v=yukL9vRalVo&list=PLsphD3EpR7F9mmtY2jBt_O8Q9XmvrhQEF,4.7K,192K,SQL
192,SQL Full Course | SQL Tutorial For Beginners | Learn SQL (Structured Query Language) | Edureka,https://www.youtube.com/watch?v=BPHAr4QGGVE,33K,2.3M,SQL
193,SQL Full Course In 10 Hours | SQL Tutorial | Complete SQL Course For Beginners | Edureka,https://www.youtube.com/watch?v=q_JsgpiuY98,12K,902K,SQL
194,SQL Full Course with Gen AI for 2024 | SQL Tutorial for Beginners,https://www.youtube.com/watch?v=cQqfMhtoU0g,724,16K,SQL
195,Intuitive SQL For Data Analytics - Tutorial,https://www.youtube.com/watch?v=mXW7JHJM34k,6.2K,193K,SQL
196,SQL Full Course for Data Analytics in 1 HOUR üî•| Learn SQL for Beginners (2024),https://www.youtube.com/watch?v=2w-M4z-iQpk,2.1K,64K,SQL
197,Lec-52: Introduction to Structured Query Language | All Points regarding its Features and Syllabus,https://www.youtube.com/watch?v=323H_mOOWQ4&list=PLxCzCOWd7aiHqU4HKL7-SITyuSIcD93id,26K,1.5M,SQL
198,SQL Tutorial for Beginners [Full Course],https://www.youtube.com/watch?v=7S_tz1z_5bA,250K,11M,SQL
199,SQL TUTORIALS FOR BEGINNERS IN 4.5 HOURS || STRUCTURED QUERY LANGUAGE TUTORIALS || DBMS,https://www.youtube.com/watch?v=zPes5jBZ62c,9.8K,566K,SQL
